Term 1,Term 2
Bitcoin,Ethereum
Bitcoin,Solana
Bitcoin,Cardano
Bitcoin,Polkadot
Bitcoin,Avalanche
Bitcoin,Chainlink
Bitcoin,Polygon
Bitcoin,Stellar
Bitcoin,VeChain
Bitcoin,Cosmos
Bitcoin,Tezos
Bitcoin,Algorand
Bitcoin,Near
Bitcoin,Fantom
Bitcoin,Hedera
Bitcoin,Elrond
Bitcoin,Harmony
Bitcoin,Zilliqa
Bitcoin,Kusama
Bitcoin,Internet Computer
Bitcoin,Flow
Bitcoin,Thorchain
Bitcoin,Waves
Bitcoin,Arweave
Bitcoin,Chiliz
Bitcoin,Basic Attention Token
Bitcoin,Gala
Bitcoin,Decentraland
Bitcoin,Enjin
Bitcoin,Axie Infinity
Bitcoin,Sandbox
Bitcoin,Render
Bitcoin,Aave
Bitcoin,Curve
Bitcoin,Uniswap
Bitcoin,SushiSwap
Bitcoin,Balancer
Bitcoin,1inch
Bitcoin,dYdX
Bitcoin,Lido
Bitcoin,Rocket Pool
Bitcoin,GMX
Bitcoin,Maker
Bitcoin,Compound
Bitcoin,Synthetix
Bitcoin,Yearn Finance
Bitcoin,PancakeSwap
Bitcoin,Raydium
Bitcoin,Serum
Bitcoin,Marinade
Ethereum,Bitcoin
Ethereum,Solana
Ethereum,Cardano
Ethereum,Polkadot
Ethereum,Avalanche
Ethereum,Chainlink
Ethereum,Polygon
Ethereum,Stellar
Ethereum,VeChain
Ethereum,Cosmos
Ethereum,Tezos
Ethereum,Algorand
Ethereum,Near
Ethereum,Fantom
Ethereum,Hedera
Ethereum,Elrond
Ethereum,Harmony
Ethereum,Zilliqa
Ethereum,Kusama
Ethereum,Internet Computer
Ethereum,Flow
Ethereum,Thorchain
Ethereum,Waves
Ethereum,Arweave
Ethereum,Chiliz
Ethereum,Basic Attention Token
Ethereum,Gala
Ethereum,Decentraland
Ethereum,Enjin
Ethereum,Axie Infinity
Ethereum,Sandbox
Ethereum,Render
Ethereum,Aave
Ethereum,Curve
Ethereum,Uniswap
Ethereum,SushiSwap
Ethereum,Balancer
Ethereum,1inch
Ethereum,dYdX
Ethereum,Lido
Ethereum,Rocket Pool
Ethereum,GMX
Ethereum,Maker
Ethereum,Compound
Ethereum,Synthetix
Ethereum,Yearn Finance
Ethereum,PancakeSwap
Ethereum,Raydium
Ethereum,Serum
Ethereum,Marinade
Solana,Bitcoin
Solana,Ethereum
Solana,Cardano
Solana,Polkadot
Solana,Avalanche
Solana,Chainlink
Solana,Polygon
Solana,Stellar
Solana,VeChain
Solana,Cosmos
Solana,Tezos
Solana,Algorand
Solana,Near
Solana,Fantom
Solana,Hedera
Solana,Elrond
Solana,Harmony
Solana,Zilliqa
Solana,Kusama
Solana,Internet Computer
Solana,Flow
Solana,Thorchain
Solana,Waves
Solana,Arweave
Solana,Chiliz
Solana,Basic Attention Token
Solana,Gala
Solana,Decentraland
Solana,Enjin
Solana,Axie Infinity
Solana,Sandbox
Solana,Render
Solana,Aave
Solana,Curve
Solana,Uniswap
Solana,SushiSwap
Solana,Balancer
Solana,1inch
Solana,dYdX
Solana,Lido
Solana,Rocket Pool
Solana,GMX
Solana,Maker
Solana,Compound
Solana,Synthetix
Solana,Yearn Finance
Solana,PancakeSwap
Solana,Raydium
Solana,Serum
Solana,Marinade
Cardano,Bitcoin
Cardano,Ethereum
Cardano,Solana
Cardano,Polkadot
Cardano,Avalanche
Cardano,Chainlink
Cardano,Polygon
Cardano,Stellar
Cardano,VeChain
Cardano,Cosmos
Cardano,Tezos
Cardano,Algorand
Cardano,Near
Cardano,Fantom
Cardano,Hedera
Cardano,Elrond
Cardano,Harmony
Cardano,Zilliqa
Cardano,Kusama
Cardano,Internet Computer
Cardano,Flow
Cardano,Thorchain
Cardano,Waves
Cardano,Arweave
Cardano,Chiliz
Cardano,Basic Attention Token
Cardano,Gala
Cardano,Decentraland
Cardano,Enjin
Cardano,Axie Infinity
Cardano,Sandbox
Cardano,Render
Cardano,Aave
Cardano,Curve
Cardano,Uniswap
Cardano,SushiSwap
Cardano,Balancer
Cardano,1inch
Cardano,dYdX
Cardano,Lido
Cardano,Rocket Pool
Cardano,GMX
Cardano,Maker
Cardano,Compound
Cardano,Synthetix
Cardano,Yearn Finance
Cardano,PancakeSwap
Cardano,Raydium
Cardano,Serum
Cardano,Marinade
Polkadot,Bitcoin
Polkadot,Ethereum
Polkadot,Solana
Polkadot,Cardano
Polkadot,Avalanche
Polkadot,Chainlink
Polkadot,Polygon
Polkadot,Stellar
Polkadot,VeChain
Polkadot,Cosmos
Polkadot,Tezos
Polkadot,Algorand
Polkadot,Near
Polkadot,Fantom
Polkadot,Hedera
Polkadot,Elrond
Polkadot,Harmony
Polkadot,Zilliqa
Polkadot,Kusama
Polkadot,Internet Computer
Polkadot,Flow
Polkadot,Thorchain
Polkadot,Waves
Polkadot,Arweave
Polkadot,Chiliz
Polkadot,Basic Attention Token
Polkadot,Gala
Polkadot,Decentraland
Polkadot,Enjin
Polkadot,Axie Infinity
Polkadot,Sandbox
Polkadot,Render
Polkadot,Aave
Polkadot,Curve
Polkadot,Uniswap
Polkadot,SushiSwap
Polkadot,Balancer
Polkadot,1inch
Polkadot,dYdX
Polkadot,Lido
Polkadot,Rocket Pool
Polkadot,GMX
Polkadot,Maker
Polkadot,Compound
Polkadot,Synthetix
Polkadot,Yearn Finance
Polkadot,PancakeSwap
Polkadot,Raydium
Polkadot,Serum
Polkadot,Marinade
Avalanche,Bitcoin
Avalanche,Ethereum
Avalanche,Solana
Avalanche,Cardano
Avalanche,Polkadot
Avalanche,Chainlink
Avalanche,Polygon
Avalanche,Stellar
Avalanche,VeChain
Avalanche,Cosmos
Avalanche,Tezos
Avalanche,Algorand
Avalanche,Near
Avalanche,Fantom
Avalanche,Hedera
Avalanche,Elrond
Avalanche,Harmony
Avalanche,Zilliqa
Avalanche,Kusama
Avalanche,Internet Computer
Avalanche,Flow
Avalanche,Thorchain
Avalanche,Waves
Avalanche,Arweave
Avalanche,Chiliz
Avalanche,Basic Attention Token
Avalanche,Gala
Avalanche,Decentraland
Avalanche,Enjin
Avalanche,Axie Infinity
Avalanche,Sandbox
Avalanche,Render
Avalanche,Aave
Avalanche,Curve
Avalanche,Uniswap
Avalanche,SushiSwap
Avalanche,Balancer
Avalanche,1inch
Avalanche,dYdX
Avalanche,Lido
Avalanche,Rocket Pool
Avalanche,GMX
Avalanche,Maker
Avalanche,Compound
Avalanche,Synthetix
Avalanche,Yearn Finance
Avalanche,PancakeSwap
Avalanche,Raydium
Avalanche,Serum
Avalanche,Marinade
Chainlink,Bitcoin
Chainlink,Ethereum
Chainlink,Solana
Chainlink,Cardano
Chainlink,Polkadot
Chainlink,Avalanche
Chainlink,Polygon
Chainlink,Stellar
Chainlink,VeChain
Chainlink,Cosmos
Chainlink,Tezos
Chainlink,Algorand
Chainlink,Near
Chainlink,Fantom
Chainlink,Hedera
Chainlink,Elrond
Chainlink,Harmony
Chainlink,Zilliqa
Chainlink,Kusama
Chainlink,Internet Computer
Chainlink,Flow
Chainlink,Thorchain
Chainlink,Waves
Chainlink,Arweave
Chainlink,Chiliz
Chainlink,Basic Attention Token
Chainlink,Gala
Chainlink,Decentraland
Chainlink,Enjin
Chainlink,Axie Infinity
Chainlink,Sandbox
Chainlink,Render
Chainlink,Aave
Chainlink,Curve
Chainlink,Uniswap
Chainlink,SushiSwap
Chainlink,Balancer
Chainlink,1inch
Chainlink,dYdX
Chainlink,Lido
Chainlink,Rocket Pool
Chainlink,GMX
Chainlink,Maker
Chainlink,Compound
Chainlink,Synthetix
Chainlink,Yearn Finance
Chainlink,PancakeSwap
Chainlink,Raydium
Chainlink,Serum
Chainlink,Marinade
Polygon,Bitcoin
Polygon,Ethereum
Polygon,Solana
Polygon,Cardano
Polygon,Polkadot
Polygon,Avalanche
Polygon,Chainlink
Polygon,Stellar
Polygon,VeChain
Polygon,Cosmos
Polygon,Tezos
Polygon,Algorand
Polygon,Near
Polygon,Fantom
Polygon,Hedera
Polygon,Elrond
Polygon,Harmony
Polygon,Zilliqa
Polygon,Kusama
Polygon,Internet Computer
Polygon,Flow
Polygon,Thorchain
Polygon,Waves
Polygon,Arweave
Polygon,Chiliz
Polygon,Basic Attention Token
Polygon,Gala
Polygon,Decentraland
Polygon,Enjin
Polygon,Axie Infinity
Polygon,Sandbox
Polygon,Render
Polygon,Aave
Polygon,Curve
Polygon,Uniswap
Polygon,SushiSwap
Polygon,Balancer
Polygon,1inch
Polygon,dYdX
Polygon,Lido
Polygon,Rocket Pool
Polygon,GMX
Polygon,Maker
Polygon,Compound
Polygon,Synthetix
Polygon,Yearn Finance
Polygon,PancakeSwap
Polygon,Raydium
Polygon,Serum
Polygon,Marinade
Stellar,Bitcoin
Stellar,Ethereum
Stellar,Solana
Stellar,Cardano
Stellar,Polkadot
Stellar,Avalanche
Stellar,Chainlink
Stellar,Polygon
Stellar,VeChain
Stellar,Cosmos
Stellar,Tezos
Stellar,Algorand
Stellar,Near
Stellar,Fantom
Stellar,Hedera
Stellar,Elrond
Stellar,Harmony
Stellar,Zilliqa
Stellar,Kusama
Stellar,Internet Computer
Stellar,Flow
Stellar,Thorchain
Stellar,Waves
Stellar,Arweave
Stellar,Chiliz
Stellar,Basic Attention Token
Stellar,Gala
Stellar,Decentraland
Stellar,Enjin
Stellar,Axie Infinity
Stellar,Sandbox
Stellar,Render
Stellar,Aave
Stellar,Curve
Stellar,Uniswap
Stellar,SushiSwap
Stellar,Balancer
Stellar,1inch
Stellar,dYdX
Stellar,Lido
Stellar,Rocket Pool
Stellar,GMX
Stellar,Maker
Stellar,Compound
Stellar,Synthetix
Stellar,Yearn Finance
Stellar,PancakeSwap
Stellar,Raydium
Stellar,Serum
Stellar,Marinade
VeChain,Bitcoin
VeChain,Ethereum
VeChain,Solana
VeChain,Cardano
VeChain,Polkadot
VeChain,Avalanche
VeChain,Chainlink
VeChain,Polygon
VeChain,Stellar
VeChain,Cosmos
VeChain,Tezos
VeChain,Algorand
VeChain,Near
VeChain,Fantom
VeChain,Hedera
VeChain,Elrond
VeChain,Harmony
VeChain,Zilliqa
VeChain,Kusama
VeChain,Internet Computer
VeChain,Flow
VeChain,Thorchain
VeChain,Waves
VeChain,Arweave
VeChain,Chiliz
VeChain,Basic Attention Token
VeChain,Gala
VeChain,Decentraland
VeChain,Enjin
VeChain,Axie Infinity
VeChain,Sandbox
VeChain,Render
VeChain,Aave
VeChain,Curve
VeChain,Uniswap
VeChain,SushiSwap
VeChain,Balancer
VeChain,1inch
VeChain,dYdX
VeChain,Lido
VeChain,Rocket Pool
VeChain,GMX
VeChain,Maker
VeChain,Compound
VeChain,Synthetix
VeChain,Yearn Finance
VeChain,PancakeSwap
VeChain,Raydium
VeChain,Serum
VeChain,Marinade
Cosmos,Bitcoin
Cosmos,Ethereum
Cosmos,Solana
Cosmos,Cardano
Cosmos,Polkadot
Cosmos,Avalanche
Cosmos,Chainlink
Cosmos,Polygon
Cosmos,Stellar
Cosmos,VeChain
Cosmos,Tezos
Cosmos,Algorand
Cosmos,Near
Cosmos,Fantom
Cosmos,Hedera
Cosmos,Elrond
Cosmos,Harmony
Cosmos,Zilliqa
Cosmos,Kusama
Cosmos,Internet Computer
Cosmos,Flow
Cosmos,Thorchain
Cosmos,Waves
Cosmos,Arweave
Cosmos,Chiliz
Cosmos,Basic Attention Token
Cosmos,Gala
Cosmos,Decentraland
Cosmos,Enjin
Cosmos,Axie Infinity
Cosmos,Sandbox
Cosmos,Render
Cosmos,Aave
Cosmos,Curve
Cosmos,Uniswap
Cosmos,SushiSwap
Cosmos,Balancer
Cosmos,1inch
Cosmos,dYdX
Cosmos,Lido
Cosmos,Rocket Pool
Cosmos,GMX
Cosmos,Maker
Cosmos,Compound
Cosmos,Synthetix
Cosmos,Yearn Finance
Cosmos,PancakeSwap
Cosmos,Raydium
Cosmos,Serum
Cosmos,Marinade
Tezos,Bitcoin
Tezos,Ethereum
Tezos,Solana
Tezos,Cardano
Tezos,Polkadot
Tezos,Avalanche
Tezos,Chainlink
Tezos,Polygon
Tezos,Stellar
Tezos,VeChain
Tezos,Cosmos
Tezos,Algorand
Tezos,Near
Tezos,Fantom
Tezos,Hedera
Tezos,Elrond
Tezos,Harmony
Tezos,Zilliqa
Tezos,Kusama
Tezos,Internet Computer
Tezos,Flow
Tezos,Thorchain
Tezos,Waves
Tezos,Arweave
Tezos,Chiliz
Tezos,Basic Attention Token
Tezos,Gala
Tezos,Decentraland
Tezos,Enjin
Tezos,Axie Infinity
Tezos,Sandbox
Tezos,Render
Tezos,Aave
Tezos,Curve
Tezos,Uniswap
Tezos,SushiSwap
Tezos,Balancer
Tezos,1inch
Tezos,dYdX
Tezos,Lido
Tezos,Rocket Pool
Tezos,GMX
Tezos,Maker
Tezos,Compound
Tezos,Synthetix
Tezos,Yearn Finance
Tezos,PancakeSwap
Tezos,Raydium
Tezos,Serum
Tezos,Marinade
Algorand,Bitcoin
Algorand,Ethereum
Algorand,Solana
Algorand,Cardano
Algorand,Polkadot
Algorand,Avalanche
Algorand,Chainlink
Algorand,Polygon
Algorand,Stellar
Algorand,VeChain
Algorand,Cosmos
Algorand,Tezos
Algorand,Near
Algorand,Fantom
Algorand,Hedera
Algorand,Elrond
Algorand,Harmony
Algorand,Zilliqa
Algorand,Kusama
Algorand,Internet Computer
Algorand,Flow
Algorand,Thorchain
Algorand,Waves
Algorand,Arweave
Algorand,Chiliz
Algorand,Basic Attention Token
Algorand,Gala
Algorand,Decentraland
Algorand,Enjin
Algorand,Axie Infinity
Algorand,Sandbox
Algorand,Render
Algorand,Aave
Algorand,Curve
Algorand,Uniswap
Algorand,SushiSwap
Algorand,Balancer
Algorand,1inch
Algorand,dYdX
Algorand,Lido
Algorand,Rocket Pool
Algorand,GMX
Algorand,Maker
Algorand,Compound
Algorand,Synthetix
Algorand,Yearn Finance
Algorand,PancakeSwap
Algorand,Raydium
Algorand,Serum
Algorand,Marinade
Near,Bitcoin
Near,Ethereum
Near,Solana
Near,Cardano
Near,Polkadot
Near,Avalanche
Near,Chainlink
Near,Polygon
Near,Stellar
Near,VeChain
Near,Cosmos
Near,Tezos
Near,Algorand
Near,Fantom
Near,Hedera
Near,Elrond
Near,Harmony
Near,Zilliqa
Near,Kusama
Near,Internet Computer
Near,Flow
Near,Thorchain
Near,Waves
Near,Arweave
Near,Chiliz
Near,Basic Attention Token
Near,Gala
Near,Decentraland
Near,Enjin
Near,Axie Infinity
Near,Sandbox
Near,Render
Near,Aave
Near,Curve
Near,Uniswap
Near,SushiSwap
Near,Balancer
Near,1inch
Near,dYdX
Near,Lido
Near,Rocket Pool
Near,GMX
Near,Maker
Near,Compound
Near,Synthetix
Near,Yearn Finance
Near,PancakeSwap
Near,Raydium
Near,Serum
Near,Marinade
Fantom,Bitcoin
Fantom,Ethereum
Fantom,Solana
Fantom,Cardano
Fantom,Polkadot
Fantom,Avalanche
Fantom,Chainlink
Fantom,Polygon
Fantom,Stellar
Fantom,VeChain
Fantom,Cosmos
Fantom,Tezos
Fantom,Algorand
Fantom,Near
Fantom,Hedera
Fantom,Elrond
Fantom,Harmony
Fantom,Zilliqa
Fantom,Kusama
Fantom,Internet Computer
Fantom,Flow
Fantom,Thorchain
Fantom,Waves
Fantom,Arweave
Fantom,Chiliz
Fantom,Basic Attention Token
Fantom,Gala
Fantom,Decentraland
Fantom,Enjin
Fantom,Axie Infinity
Fantom,Sandbox
Fantom,Render
Fantom,Aave
Fantom,Curve
Fantom,Uniswap
Fantom,SushiSwap
Fantom,Balancer
Fantom,1inch
Fantom,dYdX
Fantom,Lido
Fantom,Rocket Pool
Fantom,GMX
Fantom,Maker
Fantom,Compound
Fantom,Synthetix
Fantom,Yearn Finance
Fantom,PancakeSwap
Fantom,Raydium
Fantom,Serum
Fantom,Marinade
Hedera,Bitcoin
Hedera,Ethereum
Hedera,Solana
Hedera,Cardano
Hedera,Polkadot
Hedera,Avalanche
Hedera,Chainlink
Hedera,Polygon
Hedera,Stellar
Hedera,VeChain
Hedera,Cosmos
Hedera,Tezos
Hedera,Algorand
Hedera,Near
Hedera,Fantom
Hedera,Elrond
Hedera,Harmony
Hedera,Zilliqa
Hedera,Kusama
Hedera,Internet Computer
Hedera,Flow
Hedera,Thorchain
Hedera,Waves
Hedera,Arweave
Hedera,Chiliz
Hedera,Basic Attention Token
Hedera,Gala
Hedera,Decentraland
Hedera,Enjin
Hedera,Axie Infinity
Hedera,Sandbox
Hedera,Render
Hedera,Aave
Hedera,Curve
Hedera,Uniswap
Hedera,SushiSwap
Hedera,Balancer
Hedera,1inch
Hedera,dYdX
Hedera,Lido
Hedera,Rocket Pool
Hedera,GMX
Hedera,Maker
Hedera,Compound
Hedera,Synthetix
Hedera,Yearn Finance
Hedera,PancakeSwap
Hedera,Raydium
Hedera,Serum
Hedera,Marinade
Elrond,Bitcoin
Elrond,Ethereum
Elrond,Solana
Elrond,Cardano
Elrond,Polkadot
Elrond,Avalanche
Elrond,Chainlink
Elrond,Polygon
Elrond,Stellar
Elrond,VeChain
Elrond,Cosmos
Elrond,Tezos
Elrond,Algorand
Elrond,Near
Elrond,Fantom
Elrond,Hedera
Elrond,Harmony
Elrond,Zilliqa
Elrond,Kusama
Elrond,Internet Computer
Elrond,Flow
Elrond,Thorchain
Elrond,Waves
Elrond,Arweave
Elrond,Chiliz
Elrond,Basic Attention Token
Elrond,Gala
Elrond,Decentraland
Elrond,Enjin
Elrond,Axie Infinity
Elrond,Sandbox
Elrond,Render
Elrond,Aave
Elrond,Curve
Elrond,Uniswap
Elrond,SushiSwap
Elrond,Balancer
Elrond,1inch
Elrond,dYdX
Elrond,Lido
Elrond,Rocket Pool
Elrond,GMX
Elrond,Maker
Elrond,Compound
Elrond,Synthetix
Elrond,Yearn Finance
Elrond,PancakeSwap
Elrond,Raydium
Elrond,Serum
Elrond,Marinade
Harmony,Bitcoin
Harmony,Ethereum
Harmony,Solana
Harmony,Cardano
Harmony,Polkadot
Harmony,Avalanche
Harmony,Chainlink
Harmony,Polygon
Harmony,Stellar
Harmony,VeChain
Harmony,Cosmos
Harmony,Tezos
Harmony,Algorand
Harmony,Near
Harmony,Fantom
Harmony,Hedera
Harmony,Elrond
Harmony,Zilliqa
Harmony,Kusama
Harmony,Internet Computer
Harmony,Flow
Harmony,Thorchain
Harmony,Waves
Harmony,Arweave
Harmony,Chiliz
Harmony,Basic Attention Token
Harmony,Gala
Harmony,Decentraland
Harmony,Enjin
Harmony,Axie Infinity
Harmony,Sandbox
Harmony,Render
Harmony,Aave
Harmony,Curve
Harmony,Uniswap
Harmony,SushiSwap
Harmony,Balancer
Harmony,1inch
Harmony,dYdX
Harmony,Lido
Harmony,Rocket Pool
Harmony,GMX
Harmony,Maker
Harmony,Compound
Harmony,Synthetix
Harmony,Yearn Finance
Harmony,PancakeSwap
Harmony,Raydium
Harmony,Serum
Harmony,Marinade
Zilliqa,Bitcoin
Zilliqa,Ethereum
Zilliqa,Solana
Zilliqa,Cardano
Zilliqa,Polkadot
Zilliqa,Avalanche
Zilliqa,Chainlink
Zilliqa,Polygon
Zilliqa,Stellar
Zilliqa,VeChain
Zilliqa,Cosmos
Zilliqa,Tezos
Zilliqa,Algorand
Zilliqa,Near
Zilliqa,Fantom
Zilliqa,Hedera
Zilliqa,Elrond
Zilliqa,Harmony
Zilliqa,Kusama
Zilliqa,Internet Computer
Zilliqa,Flow
Zilliqa,Thorchain
Zilliqa,Waves
Zilliqa,Arweave
Zilliqa,Chiliz
Zilliqa,Basic Attention Token
Zilliqa,Gala
Zilliqa,Decentraland
Zilliqa,Enjin
Zilliqa,Axie Infinity
Zilliqa,Sandbox
Zilliqa,Render
Zilliqa,Aave
Zilliqa,Curve
Zilliqa,Uniswap
Zilliqa,SushiSwap
Zilliqa,Balancer
Zilliqa,1inch
Zilliqa,dYdX
Zilliqa,Lido
Zilliqa,Rocket Pool
Zilliqa,GMX
Zilliqa,Maker
Zilliqa,Compound
Zilliqa,Synthetix
Zilliqa,Yearn Finance
Zilliqa,PancakeSwap
Zilliqa,Raydium
Zilliqa,Serum
Zilliqa,Marinade
Kusama,Bitcoin
Kusama,Ethereum
Kusama,Solana
Kusama,Cardano
Kusama,Polkadot
Kusama,Avalanche
Kusama,Chainlink
Kusama,Polygon
Kusama,Stellar
Kusama,VeChain
Kusama,Cosmos
Kusama,Tezos
Kusama,Algorand
Kusama,Near
Kusama,Fantom
Kusama,Hedera
Kusama,Elrond
Kusama,Harmony
Kusama,Zilliqa
Kusama,Internet Computer
Kusama,Flow
Kusama,Thorchain
Kusama,Waves
Kusama,Arweave
Kusama,Chiliz
Kusama,Basic Attention Token
Kusama,Gala
Kusama,Decentraland
Kusama,Enjin
Kusama,Axie Infinity
Kusama,Sandbox
Kusama,Render
Kusama,Aave
Kusama,Curve
Kusama,Uniswap
Kusama,SushiSwap
Kusama,Balancer
Kusama,1inch
Kusama,dYdX
Kusama,Lido
Kusama,Rocket Pool
Kusama,GMX
Kusama,Maker
Kusama,Compound
Kusama,Synthetix
Kusama,Yearn Finance
Kusama,PancakeSwap
Kusama,Raydium
Kusama,Serum
Kusama,Marinade
Internet Computer,Bitcoin
Internet Computer,Ethereum
Internet Computer,Solana
Internet Computer,Cardano
Internet Computer,Polkadot
Internet Computer,Avalanche
Internet Computer,Chainlink
Internet Computer,Polygon
Internet Computer,Stellar
Internet Computer,VeChain
Internet Computer,Cosmos
Internet Computer,Tezos
Internet Computer,Algorand
Internet Computer,Near
Internet Computer,Fantom
Internet Computer,Hedera
Internet Computer,Elrond
Internet Computer,Harmony
Internet Computer,Zilliqa
Internet Computer,Kusama
Internet Computer,Flow
Internet Computer,Thorchain
Internet Computer,Waves
Internet Computer,Arweave
Internet Computer,Chiliz
Internet Computer,Basic Attention Token
Internet Computer,Gala
Internet Computer,Decentraland
Internet Computer,Enjin
Internet Computer,Axie Infinity
Internet Computer,Sandbox
Internet Computer,Render
Internet Computer,Aave
Internet Computer,Curve
Internet Computer,Uniswap
Internet Computer,SushiSwap
Internet Computer,Balancer
Internet Computer,1inch
Internet Computer,dYdX
Internet Computer,Lido
Internet Computer,Rocket Pool
Internet Computer,GMX
Internet Computer,Maker
Internet Computer,Compound
Internet Computer,Synthetix
Internet Computer,Yearn Finance
Internet Computer,PancakeSwap
Internet Computer,Raydium
Internet Computer,Serum
Internet Computer,Marinade
Flow,Bitcoin
Flow,Ethereum
Flow,Solana
Flow,Cardano
Flow,Polkadot
Flow,Avalanche
Flow,Chainlink
Flow,Polygon
Flow,Stellar
Flow,VeChain
Flow,Cosmos
Flow,Tezos
Flow,Algorand
Flow,Near
Flow,Fantom
Flow,Hedera
Flow,Elrond
Flow,Harmony
Flow,Zilliqa
Flow,Kusama
Flow,Internet Computer
Flow,Thorchain
Flow,Waves
Flow,Arweave
Flow,Chiliz
Flow,Basic Attention Token
Flow,Gala
Flow,Decentraland
Flow,Enjin
Flow,Axie Infinity
Flow,Sandbox
Flow,Render
Flow,Aave
Flow,Curve
Flow,Uniswap
Flow,SushiSwap
Flow,Balancer
Flow,1inch
Flow,dYdX
Flow,Lido
Flow,Rocket Pool
Flow,GMX
Flow,Maker
Flow,Compound
Flow,Synthetix
Flow,Yearn Finance
Flow,PancakeSwap
Flow,Raydium
Flow,Serum
Flow,Marinade
Thorchain,Bitcoin
Thorchain,Ethereum
Thorchain,Solana
Thorchain,Cardano
Thorchain,Polkadot
Thorchain,Avalanche
Thorchain,Chainlink
Thorchain,Polygon
Thorchain,Stellar
Thorchain,VeChain
Thorchain,Cosmos
Thorchain,Tezos
Thorchain,Algorand
Thorchain,Near
Thorchain,Fantom
Thorchain,Hedera
Thorchain,Elrond
Thorchain,Harmony
Thorchain,Zilliqa
Thorchain,Kusama
Thorchain,Internet Computer
Thorchain,Flow
Thorchain,Waves
Thorchain,Arweave
Thorchain,Chiliz
Thorchain,Basic Attention Token
Thorchain,Gala
Thorchain,Decentraland
Thorchain,Enjin
Thorchain,Axie Infinity
Thorchain,Sandbox
Thorchain,Render
Thorchain,Aave
Thorchain,Curve
Thorchain,Uniswap
Thorchain,SushiSwap
Thorchain,Balancer
Thorchain,1inch
Thorchain,dYdX
Thorchain,Lido
Thorchain,Rocket Pool
Thorchain,GMX
Thorchain,Maker
Thorchain,Compound
Thorchain,Synthetix
Thorchain,Yearn Finance
Thorchain,PancakeSwap
Thorchain,Raydium
Thorchain,Serum
Thorchain,Marinade
Waves,Bitcoin
Waves,Ethereum
Waves,Solana
Waves,Cardano
Waves,Polkadot
Waves,Avalanche
Waves,Chainlink
Waves,Polygon
Waves,Stellar
Waves,VeChain
Waves,Cosmos
Waves,Tezos
Waves,Algorand
Waves,Near
Waves,Fantom
Waves,Hedera
Waves,Elrond
Waves,Harmony
Waves,Zilliqa
Waves,Kusama
Waves,Internet Computer
Waves,Flow
Waves,Thorchain
Waves,Arweave
Waves,Chiliz
Waves,Basic Attention Token
Waves,Gala
Waves,Decentraland
Waves,Enjin
Waves,Axie Infinity
Waves,Sandbox
Waves,Render
Waves,Aave
Waves,Curve
Waves,Uniswap
Waves,SushiSwap
Waves,Balancer
Waves,1inch
Waves,dYdX
Waves,Lido
Waves,Rocket Pool
Waves,GMX
Waves,Maker
Waves,Compound
Waves,Synthetix
Waves,Yearn Finance
Waves,PancakeSwap
Waves,Raydium
Waves,Serum
Waves,Marinade
Arweave,Bitcoin
Arweave,Ethereum
Arweave,Solana
Arweave,Cardano
Arweave,Polkadot
Arweave,Avalanche
Arweave,Chainlink
Arweave,Polygon
Arweave,Stellar
Arweave,VeChain
Arweave,Cosmos
Arweave,Tezos
Arweave,Algorand
Arweave,Near
Arweave,Fantom
Arweave,Hedera
Arweave,Elrond
Arweave,Harmony
Arweave,Zilliqa
Arweave,Kusama
Arweave,Internet Computer
Arweave,Flow
Arweave,Thorchain
Arweave,Waves
Arweave,Chiliz
Arweave,Basic Attention Token
Arweave,Gala
Arweave,Decentraland
Arweave,Enjin
Arweave,Axie Infinity
Arweave,Sandbox
Arweave,Render
Arweave,Aave
Arweave,Curve
Arweave,Uniswap
Arweave,SushiSwap
Arweave,Balancer
Arweave,1inch
Arweave,dYdX
Arweave,Lido
Arweave,Rocket Pool
Arweave,GMX
Arweave,Maker
Arweave,Compound
Arweave,Synthetix
Arweave,Yearn Finance
Arweave,PancakeSwap
Arweave,Raydium
Arweave,Serum
Arweave,Marinade
Chiliz,Bitcoin
Chiliz,Ethereum
Chiliz,Solana
Chiliz,Cardano
Chiliz,Polkadot
Chiliz,Avalanche
Chiliz,Chainlink
Chiliz,Polygon
Chiliz,Stellar
Chiliz,VeChain
Chiliz,Cosmos
Chiliz,Tezos
Chiliz,Algorand
Chiliz,Near
Chiliz,Fantom
Chiliz,Hedera
Chiliz,Elrond
Chiliz,Harmony
Chiliz,Zilliqa
Chiliz,Kusama
Chiliz,Internet Computer
Chiliz,Flow
Chiliz,Thorchain
Chiliz,Waves
Chiliz,Arweave
Chiliz,Basic Attention Token
Chiliz,Gala
Chiliz,Decentraland
Chiliz,Enjin
Chiliz,Axie Infinity
Chiliz,Sandbox
Chiliz,Render
Chiliz,Aave
Chiliz,Curve
Chiliz,Uniswap
Chiliz,SushiSwap
Chiliz,Balancer
Chiliz,1inch
Chiliz,dYdX
Chiliz,Lido
Chiliz,Rocket Pool
Chiliz,GMX
Chiliz,Maker
Chiliz,Compound
Chiliz,Synthetix
Chiliz,Yearn Finance
Chiliz,PancakeSwap
Chiliz,Raydium
Chiliz,Serum
Chiliz,Marinade
Basic Attention Token,Bitcoin
Basic Attention Token,Ethereum
Basic Attention Token,Solana
Basic Attention Token,Cardano
Basic Attention Token,Polkadot
Basic Attention Token,Avalanche
Basic Attention Token,Chainlink
Basic Attention Token,Polygon
Basic Attention Token,Stellar
Basic Attention Token,VeChain
Basic Attention Token,Cosmos
Basic Attention Token,Tezos
Basic Attention Token,Algorand
Basic Attention Token,Near
Basic Attention Token,Fantom
Basic Attention Token,Hedera
Basic Attention Token,Elrond
Basic Attention Token,Harmony
Basic Attention Token,Zilliqa
Basic Attention Token,Kusama
Basic Attention Token,Internet Computer
Basic Attention Token,Flow
Basic Attention Token,Thorchain
Basic Attention Token,Waves
Basic Attention Token,Arweave
Basic Attention Token,Chiliz
Basic Attention Token,Gala
Basic Attention Token,Decentraland
Basic Attention Token,Enjin
Basic Attention Token,Axie Infinity
Basic Attention Token,Sandbox
Basic Attention Token,Render
Basic Attention Token,Aave
Basic Attention Token,Curve
Basic Attention Token,Uniswap
Basic Attention Token,SushiSwap
Basic Attention Token,Balancer
Basic Attention Token,1inch
Basic Attention Token,dYdX
Basic Attention Token,Lido
Basic Attention Token,Rocket Pool
Basic Attention Token,GMX
Basic Attention Token,Maker
Basic Attention Token,Compound
Basic Attention Token,Synthetix
Basic Attention Token,Yearn Finance
Basic Attention Token,PancakeSwap
Basic Attention Token,Raydium
Basic Attention Token,Serum
Basic Attention Token,Marinade
Gala,Bitcoin
Gala,Ethereum
Gala,Solana
Gala,Cardano
Gala,Polkadot
Gala,Avalanche
Gala,Chainlink
Gala,Polygon
Gala,Stellar
Gala,VeChain
Gala,Cosmos
Gala,Tezos
Gala,Algorand
Gala,Near
Gala,Fantom
Gala,Hedera
Gala,Elrond
Gala,Harmony
Gala,Zilliqa
Gala,Kusama
Gala,Internet Computer
Gala,Flow
Gala,Thorchain
Gala,Waves
Gala,Arweave
Gala,Chiliz
Gala,Basic Attention Token
Gala,Decentraland
Gala,Enjin
Gala,Axie Infinity
Gala,Sandbox
Gala,Render
Gala,Aave
Gala,Curve
Gala,Uniswap
Gala,SushiSwap
Gala,Balancer
Gala,1inch
Gala,dYdX
Gala,Lido
Gala,Rocket Pool
Gala,GMX
Gala,Maker
Gala,Compound
Gala,Synthetix
Gala,Yearn Finance
Gala,PancakeSwap
Gala,Raydium
Gala,Serum
Gala,Marinade
Decentraland,Bitcoin
Decentraland,Ethereum
Decentraland,Solana
Decentraland,Cardano
Decentraland,Polkadot
Decentraland,Avalanche
Decentraland,Chainlink
Decentraland,Polygon
Decentraland,Stellar
Decentraland,VeChain
Decentraland,Cosmos
Decentraland,Tezos
Decentraland,Algorand
Decentraland,Near
Decentraland,Fantom
Decentraland,Hedera
Decentraland,Elrond
Decentraland,Harmony
Decentraland,Zilliqa
Decentraland,Kusama
Decentraland,Internet Computer
Decentraland,Flow
Decentraland,Thorchain
Decentraland,Waves
Decentraland,Arweave
Decentraland,Chiliz
Decentraland,Basic Attention Token
Decentraland,Gala
Decentraland,Enjin
Decentraland,Axie Infinity
Decentraland,Sandbox
Decentraland,Render
Decentraland,Aave
Decentraland,Curve
Decentraland,Uniswap
Decentraland,SushiSwap
Decentraland,Balancer
Decentraland,1inch
Decentraland,dYdX
Decentraland,Lido
Decentraland,Rocket Pool
Decentraland,GMX
Decentraland,Maker
Decentraland,Compound
Decentraland,Synthetix
Decentraland,Yearn Finance
Decentraland,PancakeSwap
Decentraland,Raydium
Decentraland,Serum
Decentraland,Marinade
Enjin,Bitcoin
Enjin,Ethereum
Enjin,Solana
Enjin,Cardano
Enjin,Polkadot
Enjin,Avalanche
Enjin,Chainlink
Enjin,Polygon
Enjin,Stellar
Enjin,VeChain
Enjin,Cosmos
Enjin,Tezos
Enjin,Algorand
Enjin,Near
Enjin,Fantom
Enjin,Hedera
Enjin,Elrond
Enjin,Harmony
Enjin,Zilliqa
Enjin,Kusama
Enjin,Internet Computer
Enjin,Flow
Enjin,Thorchain
Enjin,Waves
Enjin,Arweave
Enjin,Chiliz
Enjin,Basic Attention Token
Enjin,Gala
Enjin,Decentraland
Enjin,Axie Infinity
Enjin,Sandbox
Enjin,Render
Enjin,Aave
Enjin,Curve
Enjin,Uniswap
Enjin,SushiSwap
Enjin,Balancer
Enjin,1inch
Enjin,dYdX
Enjin,Lido
Enjin,Rocket Pool
Enjin,GMX
Enjin,Maker
Enjin,Compound
Enjin,Synthetix
Enjin,Yearn Finance
Enjin,PancakeSwap
Enjin,Raydium
Enjin,Serum
Enjin,Marinade
Axie Infinity,Bitcoin
Axie Infinity,Ethereum
Axie Infinity,Solana
Axie Infinity,Cardano
Axie Infinity,Polkadot
Axie Infinity,Avalanche
Axie Infinity,Chainlink
Axie Infinity,Polygon
Axie Infinity,Stellar
Axie Infinity,VeChain
Axie Infinity,Cosmos
Axie Infinity,Tezos
Axie Infinity,Algorand
Axie Infinity,Near
Axie Infinity,Fantom
Axie Infinity,Hedera
Axie Infinity,Elrond
Axie Infinity,Harmony
Axie Infinity,Zilliqa
Axie Infinity,Kusama
Axie Infinity,Internet Computer
Axie Infinity,Flow
Axie Infinity,Thorchain
Axie Infinity,Waves
Axie Infinity,Arweave
Axie Infinity,Chiliz
Axie Infinity,Basic Attention Token
Axie Infinity,Gala
Axie Infinity,Decentraland
Axie Infinity,Enjin
Axie Infinity,Sandbox
Axie Infinity,Render
Axie Infinity,Aave
Axie Infinity,Curve
Axie Infinity,Uniswap
Axie Infinity,SushiSwap
Axie Infinity,Balancer
Axie Infinity,1inch
Axie Infinity,dYdX
Axie Infinity,Lido
Axie Infinity,Rocket Pool
Axie Infinity,GMX
Axie Infinity,Maker
Axie Infinity,Compound
Axie Infinity,Synthetix
Axie Infinity,Yearn Finance
Axie Infinity,PancakeSwap
Axie Infinity,Raydium
Axie Infinity,Serum
Axie Infinity,Marinade
Sandbox,Bitcoin
Sandbox,Ethereum
Sandbox,Solana
Sandbox,Cardano
Sandbox,Polkadot
Sandbox,Avalanche
Sandbox,Chainlink
Sandbox,Polygon
Sandbox,Stellar
Sandbox,VeChain
Sandbox,Cosmos
Sandbox,Tezos
Sandbox,Algorand
Sandbox,Near
Sandbox,Fantom
Sandbox,Hedera
Sandbox,Elrond
Sandbox,Harmony
Sandbox,Zilliqa
Sandbox,Kusama
Sandbox,Internet Computer
Sandbox,Flow
Sandbox,Thorchain
Sandbox,Waves
Sandbox,Arweave
Sandbox,Chiliz
Sandbox,Basic Attention Token
Sandbox,Gala
Sandbox,Decentraland
Sandbox,Enjin
Sandbox,Axie Infinity
Sandbox,Render
Sandbox,Aave
Sandbox,Curve
Sandbox,Uniswap
Sandbox,SushiSwap
Sandbox,Balancer
Sandbox,1inch
Sandbox,dYdX
Sandbox,Lido
Sandbox,Rocket Pool
Sandbox,GMX
Sandbox,Maker
Sandbox,Compound
Sandbox,Synthetix
Sandbox,Yearn Finance
Sandbox,PancakeSwap
Sandbox,Raydium
Sandbox,Serum
Sandbox,Marinade
Render,Bitcoin
Render,Ethereum
Render,Solana
Render,Cardano
Render,Polkadot
Render,Avalanche
Render,Chainlink
Render,Polygon
Render,Stellar
Render,VeChain
Render,Cosmos
Render,Tezos
Render,Algorand
Render,Near
Render,Fantom
Render,Hedera
Render,Elrond
Render,Harmony
Render,Zilliqa
Render,Kusama
Render,Internet Computer
Render,Flow
Render,Thorchain
Render,Waves
Render,Arweave
Render,Chiliz
Render,Basic Attention Token
Render,Gala
Render,Decentraland
Render,Enjin
Render,Axie Infinity
Render,Sandbox
Render,Aave
Render,Curve
Render,Uniswap
Render,SushiSwap
Render,Balancer
Render,1inch
Render,dYdX
Render,Lido
Render,Rocket Pool
Render,GMX
Render,Maker
Render,Compound
Render,Synthetix
Render,Yearn Finance
Render,PancakeSwap
Render,Raydium
Render,Serum
Render,Marinade
Aave,Bitcoin
Aave,Ethereum
Aave,Solana
Aave,Cardano
Aave,Polkadot
Aave,Avalanche
Aave,Chainlink
Aave,Polygon
Aave,Stellar
Aave,VeChain
Aave,Cosmos
Aave,Tezos
Aave,Algorand
Aave,Near
Aave,Fantom
Aave,Hedera
Aave,Elrond
Aave,Harmony
Aave,Zilliqa
Aave,Kusama
Aave,Internet Computer
Aave,Flow
Aave,Thorchain
Aave,Waves
Aave,Arweave
Aave,Chiliz
Aave,Basic Attention Token
Aave,Gala
Aave,Decentraland
Aave,Enjin
Aave,Axie Infinity
Aave,Sandbox
Aave,Render
Aave,Curve
Aave,Uniswap
Aave,SushiSwap
Aave,Balancer
Aave,1inch
Aave,dYdX
Aave,Lido
Aave,Rocket Pool
Aave,GMX
Aave,Maker
Aave,Compound
Aave,Synthetix
Aave,Yearn Finance
Aave,PancakeSwap
Aave,Raydium
Aave,Serum
Aave,Marinade
Curve,Bitcoin
Curve,Ethereum
Curve,Solana
Curve,Cardano
Curve,Polkadot
Curve,Avalanche
Curve,Chainlink
Curve,Polygon
Curve,Stellar
Curve,VeChain
Curve,Cosmos
Curve,Tezos
Curve,Algorand
Curve,Near
Curve,Fantom
Curve,Hedera
Curve,Elrond
Curve,Harmony
Curve,Zilliqa
Curve,Kusama
Curve,Internet Computer
Curve,Flow
Curve,Thorchain
Curve,Waves
Curve,Arweave
Curve,Chiliz
Curve,Basic Attention Token
Curve,Gala
Curve,Decentraland
Curve,Enjin
Curve,Axie Infinity
Curve,Sandbox
Curve,Render
Curve,Aave
Curve,Uniswap
Curve,SushiSwap
Curve,Balancer
Curve,1inch
Curve,dYdX
Curve,Lido
Curve,Rocket Pool
Curve,GMX
Curve,Maker
Curve,Compound
Curve,Synthetix
Curve,Yearn Finance
Curve,PancakeSwap
Curve,Raydium
Curve,Serum
Curve,Marinade
Uniswap,Bitcoin
Uniswap,Ethereum
Uniswap,Solana
Uniswap,Cardano
Uniswap,Polkadot
Uniswap,Avalanche
Uniswap,Chainlink
Uniswap,Polygon
Uniswap,Stellar
Uniswap,VeChain
Uniswap,Cosmos
Uniswap,Tezos
Uniswap,Algorand
Uniswap,Near
Uniswap,Fantom
Uniswap,Hedera
Uniswap,Elrond
Uniswap,Harmony
Uniswap,Zilliqa
Uniswap,Kusama
Uniswap,Internet Computer
Uniswap,Flow
Uniswap,Thorchain
Uniswap,Waves
Uniswap,Arweave
Uniswap,Chiliz
Uniswap,Basic Attention Token
Uniswap,Gala
Uniswap,Decentraland
Uniswap,Enjin
Uniswap,Axie Infinity
Uniswap,Sandbox
Uniswap,Render
Uniswap,Aave
Uniswap,Curve
Uniswap,SushiSwap
Uniswap,Balancer
Uniswap,1inch
Uniswap,dYdX
Uniswap,Lido
Uniswap,Rocket Pool
Uniswap,GMX
Uniswap,Maker
Uniswap,Compound
Uniswap,Synthetix
Uniswap,Yearn Finance
Uniswap,PancakeSwap
Uniswap,Raydium
Uniswap,Serum
Uniswap,Marinade
SushiSwap,Bitcoin
SushiSwap,Ethereum
SushiSwap,Solana
SushiSwap,Cardano
SushiSwap,Polkadot
SushiSwap,Avalanche
SushiSwap,Chainlink
SushiSwap,Polygon
SushiSwap,Stellar
SushiSwap,VeChain
SushiSwap,Cosmos
SushiSwap,Tezos
SushiSwap,Algorand
SushiSwap,Near
SushiSwap,Fantom
SushiSwap,Hedera
SushiSwap,Elrond
SushiSwap,Harmony
SushiSwap,Zilliqa
SushiSwap,Kusama
SushiSwap,Internet Computer
SushiSwap,Flow
SushiSwap,Thorchain
SushiSwap,Waves
SushiSwap,Arweave
SushiSwap,Chiliz
SushiSwap,Basic Attention Token
SushiSwap,Gala
SushiSwap,Decentraland
SushiSwap,Enjin
SushiSwap,Axie Infinity
SushiSwap,Sandbox
SushiSwap,Render
SushiSwap,Aave
SushiSwap,Curve
SushiSwap,Uniswap
SushiSwap,Balancer
SushiSwap,1inch
SushiSwap,dYdX
SushiSwap,Lido
SushiSwap,Rocket Pool
SushiSwap,GMX
SushiSwap,Maker
SushiSwap,Compound
SushiSwap,Synthetix
SushiSwap,Yearn Finance
SushiSwap,PancakeSwap
SushiSwap,Raydium
SushiSwap,Serum
SushiSwap,Marinade
Balancer,Bitcoin
Balancer,Ethereum
Balancer,Solana
Balancer,Cardano
Balancer,Polkadot
Balancer,Avalanche
Balancer,Chainlink
Balancer,Polygon
Balancer,Stellar
Balancer,VeChain
Balancer,Cosmos
Balancer,Tezos
Balancer,Algorand
Balancer,Near
Balancer,Fantom
Balancer,Hedera
Balancer,Elrond
Balancer,Harmony
Balancer,Zilliqa
Balancer,Kusama
Balancer,Internet Computer
Balancer,Flow
Balancer,Thorchain
Balancer,Waves
Balancer,Arweave
Balancer,Chiliz
Balancer,Basic Attention Token
Balancer,Gala
Balancer,Decentraland
Balancer,Enjin
Balancer,Axie Infinity
Balancer,Sandbox
Balancer,Render
Balancer,Aave
Balancer,Curve
Balancer,Uniswap
Balancer,SushiSwap
Balancer,1inch
Balancer,dYdX
Balancer,Lido
Balancer,Rocket Pool
Balancer,GMX
Balancer,Maker
Balancer,Compound
Balancer,Synthetix
Balancer,Yearn Finance
Balancer,PancakeSwap
Balancer,Raydium
Balancer,Serum
Balancer,Marinade
1inch,Bitcoin
1inch,Ethereum
1inch,Solana
1inch,Cardano
1inch,Polkadot
1inch,Avalanche
1inch,Chainlink
1inch,Polygon
1inch,Stellar
1inch,VeChain
1inch,Cosmos
1inch,Tezos
1inch,Algorand
1inch,Near
1inch,Fantom
1inch,Hedera
1inch,Elrond
1inch,Harmony
1inch,Zilliqa
1inch,Kusama
1inch,Internet Computer
1inch,Flow
1inch,Thorchain
1inch,Waves
1inch,Arweave
1inch,Chiliz
1inch,Basic Attention Token
1inch,Gala
1inch,Decentraland
1inch,Enjin
1inch,Axie Infinity
1inch,Sandbox
1inch,Render
1inch,Aave
1inch,Curve
1inch,Uniswap
1inch,SushiSwap
1inch,Balancer
1inch,dYdX
1inch,Lido
1inch,Rocket Pool
1inch,GMX
1inch,Maker
1inch,Compound
1inch,Synthetix
1inch,Yearn Finance
1inch,PancakeSwap
1inch,Raydium
1inch,Serum
1inch,Marinade
dYdX,Bitcoin
dYdX,Ethereum
dYdX,Solana
dYdX,Cardano
dYdX,Polkadot
dYdX,Avalanche
dYdX,Chainlink
dYdX,Polygon
dYdX,Stellar
dYdX,VeChain
dYdX,Cosmos
dYdX,Tezos
dYdX,Algorand
dYdX,Near
dYdX,Fantom
dYdX,Hedera
dYdX,Elrond
dYdX,Harmony
dYdX,Zilliqa
dYdX,Kusama
dYdX,Internet Computer
dYdX,Flow
dYdX,Thorchain
dYdX,Waves
dYdX,Arweave
dYdX,Chiliz
dYdX,Basic Attention Token
dYdX,Gala
dYdX,Decentraland
dYdX,Enjin
dYdX,Axie Infinity
dYdX,Sandbox
dYdX,Render
dYdX,Aave
dYdX,Curve
dYdX,Uniswap
dYdX,SushiSwap
dYdX,Balancer
dYdX,1inch
dYdX,Lido
dYdX,Rocket Pool
dYdX,GMX
dYdX,Maker
dYdX,Compound
dYdX,Synthetix
dYdX,Yearn Finance
dYdX,PancakeSwap
dYdX,Raydium
dYdX,Serum
dYdX,Marinade
Lido,Bitcoin
Lido,Ethereum
Lido,Solana
Lido,Cardano
Lido,Polkadot
Lido,Avalanche
Lido,Chainlink
Lido,Polygon
Lido,Stellar
Lido,VeChain
Lido,Cosmos
Lido,Tezos
Lido,Algorand
Lido,Near
Lido,Fantom
Lido,Hedera
Lido,Elrond
Lido,Harmony
Lido,Zilliqa
Lido,Kusama
Lido,Internet Computer
Lido,Flow
Lido,Thorchain
Lido,Waves
Lido,Arweave
Lido,Chiliz
Lido,Basic Attention Token
Lido,Gala
Lido,Decentraland
Lido,Enjin
Lido,Axie Infinity
Lido,Sandbox
Lido,Render
Lido,Aave
Lido,Curve
Lido,Uniswap
Lido,SushiSwap
Lido,Balancer
Lido,1inch
Lido,dYdX
Lido,Rocket Pool
Lido,GMX
Lido,Maker
Lido,Compound
Lido,Synthetix
Lido,Yearn Finance
Lido,PancakeSwap
Lido,Raydium
Lido,Serum
Lido,Marinade
Rocket Pool,Bitcoin
Rocket Pool,Ethereum
Rocket Pool,Solana
Rocket Pool,Cardano
Rocket Pool,Polkadot
Rocket Pool,Avalanche
Rocket Pool,Chainlink
Rocket Pool,Polygon
Rocket Pool,Stellar
Rocket Pool,VeChain
Rocket Pool,Cosmos
Rocket Pool,Tezos
Rocket Pool,Algorand
Rocket Pool,Near
Rocket Pool,Fantom
Rocket Pool,Hedera
Rocket Pool,Elrond
Rocket Pool,Harmony
Rocket Pool,Zilliqa
Rocket Pool,Kusama
Rocket Pool,Internet Computer
Rocket Pool,Flow
Rocket Pool,Thorchain
Rocket Pool,Waves
Rocket Pool,Arweave
Rocket Pool,Chiliz
Rocket Pool,Basic Attention Token
Rocket Pool,Gala
Rocket Pool,Decentraland
Rocket Pool,Enjin
Rocket Pool,Axie Infinity
Rocket Pool,Sandbox
Rocket Pool,Render
Rocket Pool,Aave
Rocket Pool,Curve
Rocket Pool,Uniswap
Rocket Pool,SushiSwap
Rocket Pool,Balancer
Rocket Pool,1inch
Rocket Pool,dYdX
Rocket Pool,Lido
Rocket Pool,GMX
Rocket Pool,Maker
Rocket Pool,Compound
Rocket Pool,Synthetix
Rocket Pool,Yearn Finance
Rocket Pool,PancakeSwap
Rocket Pool,Raydium
Rocket Pool,Serum
Rocket Pool,Marinade
GMX,Bitcoin
GMX,Ethereum
GMX,Solana
GMX,Cardano
GMX,Polkadot
GMX,Avalanche
GMX,Chainlink
GMX,Polygon
GMX,Stellar
GMX,VeChain
GMX,Cosmos
GMX,Tezos
GMX,Algorand
GMX,Near
GMX,Fantom
GMX,Hedera
GMX,Elrond
GMX,Harmony
GMX,Zilliqa
GMX,Kusama
GMX,Internet Computer
GMX,Flow
GMX,Thorchain
GMX,Waves
GMX,Arweave
GMX,Chiliz
GMX,Basic Attention Token
GMX,Gala
GMX,Decentraland
GMX,Enjin
GMX,Axie Infinity
GMX,Sandbox
GMX,Render
GMX,Aave
GMX,Curve
GMX,Uniswap
GMX,SushiSwap
GMX,Balancer
GMX,1inch
GMX,dYdX
GMX,Lido
GMX,Rocket Pool
GMX,Maker
GMX,Compound
GMX,Synthetix
GMX,Yearn Finance
GMX,PancakeSwap
GMX,Raydium
GMX,Serum
GMX,Marinade
Maker,Bitcoin
Maker,Ethereum
Maker,Solana
Maker,Cardano
Maker,Polkadot
Maker,Avalanche
Maker,Chainlink
Maker,Polygon
Maker,Stellar
Maker,VeChain
Maker,Cosmos
Maker,Tezos
Maker,Algorand
Maker,Near
Maker,Fantom
Maker,Hedera
Maker,Elrond
Maker,Harmony
Maker,Zilliqa
Maker,Kusama
Maker,Internet Computer
Maker,Flow
Maker,Thorchain
Maker,Waves
Maker,Arweave
Maker,Chiliz
Maker,Basic Attention Token
Maker,Gala
Maker,Decentraland
Maker,Enjin
Maker,Axie Infinity
Maker,Sandbox
Maker,Render
Maker,Aave
Maker,Curve
Maker,Uniswap
Maker,SushiSwap
Maker,Balancer
Maker,1inch
Maker,dYdX
Maker,Lido
Maker,Rocket Pool
Maker,GMX
Maker,Compound
Maker,Synthetix
Maker,Yearn Finance
Maker,PancakeSwap
Maker,Raydium
Maker,Serum
Maker,Marinade
Compound,Bitcoin
Compound,Ethereum
Compound,Solana
Compound,Cardano
Compound,Polkadot
Compound,Avalanche
Compound,Chainlink
Compound,Polygon
Compound,Stellar
Compound,VeChain
Compound,Cosmos
Compound,Tezos
Compound,Algorand
Compound,Near
Compound,Fantom
Compound,Hedera
Compound,Elrond
Compound,Harmony
Compound,Zilliqa
Compound,Kusama
Compound,Internet Computer
Compound,Flow
Compound,Thorchain
Compound,Waves
Compound,Arweave
Compound,Chiliz
Compound,Basic Attention Token
Compound,Gala
Compound,Decentraland
Compound,Enjin
Compound,Axie Infinity
Compound,Sandbox
Compound,Render
Compound,Aave
Compound,Curve
Compound,Uniswap
Compound,SushiSwap
Compound,Balancer
Compound,1inch
Compound,dYdX
Compound,Lido
Compound,Rocket Pool
Compound,GMX
Compound,Maker
Compound,Synthetix
Compound,Yearn Finance
Compound,PancakeSwap
Compound,Raydium
Compound,Serum
Compound,Marinade
Synthetix,Bitcoin
Synthetix,Ethereum
Synthetix,Solana
Synthetix,Cardano
Synthetix,Polkadot
Synthetix,Avalanche
Synthetix,Chainlink
Synthetix,Polygon
Synthetix,Stellar
Synthetix,VeChain
Synthetix,Cosmos
Synthetix,Tezos
Synthetix,Algorand
Synthetix,Near
Synthetix,Fantom
Synthetix,Hedera
Synthetix,Elrond
Synthetix,Harmony
Synthetix,Zilliqa
Synthetix,Kusama
Synthetix,Internet Computer
Synthetix,Flow
Synthetix,Thorchain
Synthetix,Waves
Synthetix,Arweave
Synthetix,Chiliz
Synthetix,Basic Attention Token
Synthetix,Gala
Synthetix,Decentraland
Synthetix,Enjin
Synthetix,Axie Infinity
Synthetix,Sandbox
Synthetix,Render
Synthetix,Aave
Synthetix,Curve
Synthetix,Uniswap
Synthetix,SushiSwap
Synthetix,Balancer
Synthetix,1inch
Synthetix,dYdX
Synthetix,Lido
Synthetix,Rocket Pool
Synthetix,GMX
Synthetix,Maker
Synthetix,Compound
Synthetix,Yearn Finance
Synthetix,PancakeSwap
Synthetix,Raydium
Synthetix,Serum
Synthetix,Marinade
Yearn Finance,Bitcoin
Yearn Finance,Ethereum
Yearn Finance,Solana
Yearn Finance,Cardano
Yearn Finance,Polkadot
Yearn Finance,Avalanche
Yearn Finance,Chainlink
Yearn Finance,Polygon
Yearn Finance,Stellar
Yearn Finance,VeChain
Yearn Finance,Cosmos
Yearn Finance,Tezos
Yearn Finance,Algorand
Yearn Finance,Near
Yearn Finance,Fantom
Yearn Finance,Hedera
Yearn Finance,Elrond
Yearn Finance,Harmony
Yearn Finance,Zilliqa
Yearn Finance,Kusama
Yearn Finance,Internet Computer
Yearn Finance,Flow
Yearn Finance,Thorchain
Yearn Finance,Waves
Yearn Finance,Arweave
Yearn Finance,Chiliz
Yearn Finance,Basic Attention Token
Yearn Finance,Gala
Yearn Finance,Decentraland
Yearn Finance,Enjin
Yearn Finance,Axie Infinity
Yearn Finance,Sandbox
Yearn Finance,Render
Yearn Finance,Aave
Yearn Finance,Curve
Yearn Finance,Uniswap
Yearn Finance,SushiSwap
Yearn Finance,Balancer
Yearn Finance,1inch
Yearn Finance,dYdX
Yearn Finance,Lido
Yearn Finance,Rocket Pool
Yearn Finance,GMX
Yearn Finance,Maker
Yearn Finance,Compound
Yearn Finance,Synthetix
Yearn Finance,PancakeSwap
Yearn Finance,Raydium
Yearn Finance,Serum
Yearn Finance,Marinade
PancakeSwap,Bitcoin
PancakeSwap,Ethereum
PancakeSwap,Solana
PancakeSwap,Cardano
PancakeSwap,Polkadot
PancakeSwap,Avalanche
PancakeSwap,Chainlink
PancakeSwap,Polygon
PancakeSwap,Stellar
PancakeSwap,VeChain
PancakeSwap,Cosmos
PancakeSwap,Tezos
PancakeSwap,Algorand
PancakeSwap,Near
PancakeSwap,Fantom
PancakeSwap,Hedera
PancakeSwap,Elrond
PancakeSwap,Harmony
PancakeSwap,Zilliqa
PancakeSwap,Kusama
PancakeSwap,Internet Computer
PancakeSwap,Flow
PancakeSwap,Thorchain
PancakeSwap,Waves
PancakeSwap,Arweave
PancakeSwap,Chiliz
PancakeSwap,Basic Attention Token
PancakeSwap,Gala
PancakeSwap,Decentraland
PancakeSwap,Enjin
PancakeSwap,Axie Infinity
PancakeSwap,Sandbox
PancakeSwap,Render
PancakeSwap,Aave
PancakeSwap,Curve
PancakeSwap,Uniswap
PancakeSwap,SushiSwap
PancakeSwap,Balancer
PancakeSwap,1inch
PancakeSwap,dYdX
PancakeSwap,Lido
PancakeSwap,Rocket Pool
PancakeSwap,GMX
PancakeSwap,Maker
PancakeSwap,Compound
PancakeSwap,Synthetix
PancakeSwap,Yearn Finance
PancakeSwap,Raydium
PancakeSwap,Serum
PancakeSwap,Marinade
Raydium,Bitcoin
Raydium,Ethereum
Raydium,Solana
Raydium,Cardano
Raydium,Polkadot
Raydium,Avalanche
Raydium,Chainlink
Raydium,Polygon
Raydium,Stellar
Raydium,VeChain
Raydium,Cosmos
Raydium,Tezos
Raydium,Algorand
Raydium,Near
Raydium,Fantom
Raydium,Hedera
Raydium,Elrond
Raydium,Harmony
Raydium,Zilliqa
Raydium,Kusama
Raydium,Internet Computer
Raydium,Flow
Raydium,Thorchain
Raydium,Waves
Raydium,Arweave
Raydium,Chiliz
Raydium,Basic Attention Token
Raydium,Gala
Raydium,Decentraland
Raydium,Enjin
Raydium,Axie Infinity
Raydium,Sandbox
Raydium,Render
Raydium,Aave
Raydium,Curve
Raydium,Uniswap
Raydium,SushiSwap
Raydium,Balancer
Raydium,1inch
Raydium,dYdX
Raydium,Lido
Raydium,Rocket Pool
Raydium,GMX
Raydium,Maker
Raydium,Compound
Raydium,Synthetix
Raydium,Yearn Finance
Raydium,PancakeSwap
Raydium,Serum
Raydium,Marinade
Serum,Bitcoin
Serum,Ethereum
Serum,Solana
Serum,Cardano
Serum,Polkadot
Serum,Avalanche
Serum,Chainlink
Serum,Polygon
Serum,Stellar
Serum,VeChain
Serum,Cosmos
Serum,Tezos
Serum,Algorand
Serum,Near
Serum,Fantom
Serum,Hedera
Serum,Elrond
Serum,Harmony
Serum,Zilliqa
Serum,Kusama
Serum,Internet Computer
Serum,Flow
Serum,Thorchain
Serum,Waves
Serum,Arweave
Serum,Chiliz
Serum,Basic Attention Token
Serum,Gala
Serum,Decentraland
Serum,Enjin
Serum,Axie Infinity
Serum,Sandbox
Serum,Render
Serum,Aave
Serum,Curve
Serum,Uniswap
Serum,SushiSwap
Serum,Balancer
Serum,1inch
Serum,dYdX
Serum,Lido
Serum,Rocket Pool
Serum,GMX
Serum,Maker
Serum,Compound
Serum,Synthetix
Serum,Yearn Finance
Serum,PancakeSwap
Serum,Raydium
Serum,Marinade
Marinade,Bitcoin
Marinade,Ethereum
Marinade,Solana
Marinade,Cardano
Marinade,Polkadot
Marinade,Avalanche
Marinade,Chainlink
Marinade,Polygon
Marinade,Stellar
Marinade,VeChain
Marinade,Cosmos
Marinade,Tezos
Marinade,Algorand
Marinade,Near
Marinade,Fantom
Marinade,Hedera
Marinade,Elrond
Marinade,Harmony
Marinade,Zilliqa
Marinade,Kusama
Marinade,Internet Computer
Marinade,Flow
Marinade,Thorchain
Marinade,Waves
Marinade,Arweave
Marinade,Chiliz
Marinade,Basic Attention Token
Marinade,Gala
Marinade,Decentraland
Marinade,Enjin
Marinade,Axie Infinity
Marinade,Sandbox
Marinade,Render
Marinade,Aave
Marinade,Curve
Marinade,Uniswap
Marinade,SushiSwap
Marinade,Balancer
Marinade,1inch
Marinade,dYdX
Marinade,Lido
Marinade,Rocket Pool
Marinade,GMX
Marinade,Maker
Marinade,Compound
Marinade,Synthetix
Marinade,Yearn Finance
Marinade,PancakeSwap
Marinade,Raydium
Marinade,Serum
